,Service
0,ts-order-service
1,ts-station-service
2,ts-travel2-service
3,ts-ticketinfo-service
4,ts-basic-service
5,ts-route-service
6,ts-train-service
7,ts-price-service
8,ts-order-other-service
9,ts-seat-service
10,ts-config-service
11,ts-food-service
12,ts-food-map-service
13,ts-travel-service
14,ts-execute-service
15,ts-assurance-service
16,ts-inside-payment-service
17,ts-payment-service
18,ts-contacts-service
19,ts-auth-service
20,ts-verification-code-service
21,ts-preserve-other-service
22,ts-security-service
23,ts-user-service
24,ts-notification-service
25,ts-delivery-service
26,ts-cancel-service
27,ts-preserve-service
28,ts-admin-basic-info-service
29,ts-admin-travel-service
30,ts-consign-service
31,ts-consign-price-service
32,ts-rebook-service
33,ts-travel-plan-service
34,ts-route-plan-service
