traceid,spanid,parentspan,childspans,service,loginfo,spaninfo
46d2a2b6ec8f4014a4c53be6d2705c19.39.16272795833721767,46d2a2b6ec8f4014a4c53be6d2705c19.39.16272795833721766.0,-1,46d2a2b6ec8f4014a4c53be6d2705c19.39.16272795833721766.1;46d2a2b6ec8f4014a4c53be6d2705c19.39.16272795833721766.2;46d2a2b6ec8f4014a4c53be6d2705c19.39.16272795833721766.3;46d2a2b6ec8f4014a4c53be6d2705c19.39.16272795833721766.4;46d2a2b6ec8f4014a4c53be6d2705c19.39.16272795833721766.5;46d2a2b6ec8f4014a4c53be6d2705c19.39.16272795833721766.6;46d2a2b6ec8f4014a4c53be6d2705c19.39.16272795833721766.7;46d2a2b6ec8f4014a4c53be6d2705c19.39.16272795833721766.8;46d2a2b6ec8f4014a4c53be6d2705c19.39.16272795833721766.9;46d2a2b6ec8f4014a4c53be6d2705c19.39.16272795833721766.10;46d2a2b6ec8f4014a4c53be6d2705c19.39.16272795833721766.11;46d2a2b6ec8f4014a4c53be6d2705c19.39.16272795833721766.12;46d2a2b6ec8f4014a4c53be6d2705c19.39.16272795833721766.13;46d2a2b6ec8f4014a4c53be6d2705c19.39.16272795833721766.14;46d2a2b6ec8f4014a4c53be6d2705c19.39.16272795833721766.15;46d2a2b6ec8f4014a4c53be6d2705c19.39.16272795833721766.16;46d2a2b6ec8f4014a4c53be6d2705c19.39.16272795833721766.17;46d2a2b6ec8f4014a4c53be6d2705c19.39.16272795833721766.18;46d2a2b6ec8f4014a4c53be6d2705c19.39.16272795833721766.19,ts-travel2-service," travel2.service.Travel2ServiceImpl -[Get Route By Id] Success.; travel2.service.Travel2ServiceImpl -[Get Route By Id] Route ID：1367db1f-461e-4ab7-87ad-2bcc05fd9cb7; travel2.service.Travel2ServiceImpl -[Get Route By Id] Success.; travel2.service.Travel2ServiceImpl -[Get Route By Id] Success.; travel2.service.Travel2ServiceImpl -[Get Route By Id] Route ID：20eb7122-3a11-423f-b10a-be0dc5bce7db; travel2.service.Travel2ServiceImpl -[Get Route By Id] Route ID：d693a2c5-ef87-4a3c-bef8-600b43f62c68; travel2.service.Travel2ServiceImpl -[Get Route By Id] Success.; travel2.service.Travel2ServiceImpl -calculate time：175  time: Sat May 04 12:46:52 CST 2013; travel2.service.Travel2ServiceImpl -[Get Route By Id] Route ID：9fc9c261-3263-4bfa-82f8-bb44e06b2f52; travel2.service.Travel2ServiceImpl -calculate time：0  time: Sat May 04 09:51:52 CST 2013; travel2.service.Travel2ServiceImpl -Get Rest tickets num is: Response(status=1, msg=Get Left Ticket of Internal Success, data=1073741226); travel2.service.Travel2ServiceImpl -[getTickets] route: 0b23bd3e-876a-4af3-b920-c50a90c90b04  station: [shanghai, nanjing, shijiazhuang, taiyuan]; travel2.service.Travel2ServiceImpl -Seat request To String: Seat(travelDate=Mon Jul 26 08:00:00 CST 2021, trainNumber=Z1234, startStation=shanghai, destStation=nanjing, seatType=3); travel2.service.Travel2ServiceImpl -Get Rest tickets num is: Response(status=1, msg=Get Left Ticket of Internal Success, data=1073741226); travel2.service.Travel2ServiceImpl -Seat request To String: Seat(travelDate=Mon Jul 26 08:00:00 CST 2021, trainNumber=Z1234, startStation=shanghai, destStation=nanjing, seatType=2); travel2.service.Travel2ServiceImpl -Order other Ticket info  is: Response(status=1, msg=Success, data=TravelResult(status=true, percent=1.0, trainType=TrainType(id=ZhiDa, economyClass=2147483647, confortClass=2147483647, averageSpeed=120), prices={confortClass=350.0, economyClass=122.49999999999999})); travel2.service.Travel2ServiceImpl -Ticket info  is: Response(status=1, msg=Success, data=TravelResult(status=true, percent=1.0, trainType=TrainType(id=ZhiDa, economyClass=2147483647, confortClass=2147483647, averageSpeed=120), prices={confortClass=350.0, economyClass=122.49999999999999})); travel2.service.Travel2ServiceImpl -[Get Route By Id] Success.; travel2.service.Travel2ServiceImpl -[Get Route By Id] Route ID：0b23bd3e-876a-4af3-b920-c50a90c90b04; travel2.controller.Travel2Controller -Query TripResponse",{POST}/api/v1/travel2service/trips/left
46d2a2b6ec8f4014a4c53be6d2705c19.39.16272795833721767,46d2a2b6ec8f4014a4c53be6d2705c19.39.16272795833721766.1,46d2a2b6ec8f4014a4c53be6d2705c19.39.16272795833721766.0,6873e889e35a454ba28706800880d948.43.16272795833744888.0,ts-travel2-service, travel2.controller.Travel2Controller -Query TripResponse,/api/v1/ticketinfoservice/ticketinfo/Shang Hai
46d2a2b6ec8f4014a4c53be6d2705c19.39.16272795833721767,6873e889e35a454ba28706800880d948.43.16272795833744888.0,46d2a2b6ec8f4014a4c53be6d2705c19.39.16272795833721766.1,6873e889e35a454ba28706800880d948.43.16272795833744888.1,ts-ticketinfo-service," t.controller.TicketInfoController -Query ticket info for station id,Name: Shang Hai",{GET}/api/v1/ticketinfoservice/ticketinfo/{name}
46d2a2b6ec8f4014a4c53be6d2705c19.39.16272795833721767,6873e889e35a454ba28706800880d948.43.16272795833744888.1,6873e889e35a454ba28706800880d948.43.16272795833744888.0,d21950eb9e214b13b05ad14f8df2c123.86.16272795833743864.0,ts-ticketinfo-service," t.controller.TicketInfoController -Query ticket info for station id,Name: Shang Hai",/api/v1/basicservice/basic/Shang Hai
46d2a2b6ec8f4014a4c53be6d2705c19.39.16272795833721767,d21950eb9e214b13b05ad14f8df2c123.86.16272795833743864.0,6873e889e35a454ba28706800880d948.43.16272795833744888.1,d21950eb9e214b13b05ad14f8df2c123.86.16272795833743864.1,ts-basic-service, f.m.controller.BasicController -Query for stationId by stationName: Shang Hai; f.m.service.BasicServiceImpl -[Query For Station Id] stationName: Shang Hai,{GET}/api/v1/basicservice/basic/{stationName}
46d2a2b6ec8f4014a4c53be6d2705c19.39.16272795833721767,d21950eb9e214b13b05ad14f8df2c123.86.16272795833743864.1,d21950eb9e214b13b05ad14f8df2c123.86.16272795833743864.0,81c9d0cce96244e89e629b9b013cbae1.77.16272795833766970.0,ts-basic-service, f.m.controller.BasicController -Query for stationId by stationName: Shang Hai; f.m.service.BasicServiceImpl -[Query For Station Id] stationName: Shang Hai,/api/v1/stationservice/stations/id/Shang Hai
46d2a2b6ec8f4014a4c53be6d2705c19.39.16272795833721767,81c9d0cce96244e89e629b9b013cbae1.77.16272795833766970.0,d21950eb9e214b13b05ad14f8df2c123.86.16272795833743864.1,81c9d0cce96244e89e629b9b013cbae1.77.16272795833766970.1,ts-station-service," f.m.controller.StationController -Query for station id,StationName: Shang Hai",{GET}/api/v1/stationservice/stations/id/{stationNameForId}
46d2a2b6ec8f4014a4c53be6d2705c19.39.16272795833721767,81c9d0cce96244e89e629b9b013cbae1.77.16272795833766970.1,81c9d0cce96244e89e629b9b013cbae1.77.16272795833766970.0,0,ts-station-service," f.m.controller.StationController -Query for station id,StationName: Shang Hai",MongoDB/FindOperation
46d2a2b6ec8f4014a4c53be6d2705c19.39.16272795833721767,46d2a2b6ec8f4014a4c53be6d2705c19.39.16272795833721766.2,46d2a2b6ec8f4014a4c53be6d2705c19.39.16272795833721766.0,6873e889e35a454ba28706800880d948.104.16272795833783834.0,ts-travel2-service,0,/api/v1/ticketinfoservice/ticketinfo/Nan Jing
46d2a2b6ec8f4014a4c53be6d2705c19.39.16272795833721767,6873e889e35a454ba28706800880d948.104.16272795833783834.0,46d2a2b6ec8f4014a4c53be6d2705c19.39.16272795833721766.2,6873e889e35a454ba28706800880d948.104.16272795833783834.1,ts-ticketinfo-service," t.controller.TicketInfoController -Query ticket info for station id,Name: Nan Jing",{GET}/api/v1/ticketinfoservice/ticketinfo/{name}
46d2a2b6ec8f4014a4c53be6d2705c19.39.16272795833721767,6873e889e35a454ba28706800880d948.104.16272795833783834.1,6873e889e35a454ba28706800880d948.104.16272795833783834.0,d21950eb9e214b13b05ad14f8df2c123.80.16272795833793854.0,ts-ticketinfo-service," t.controller.TicketInfoController -Query ticket info for station id,Name: Nan Jing",/api/v1/basicservice/basic/Nan Jing
46d2a2b6ec8f4014a4c53be6d2705c19.39.16272795833721767,d21950eb9e214b13b05ad14f8df2c123.80.16272795833793854.0,6873e889e35a454ba28706800880d948.104.16272795833783834.1,d21950eb9e214b13b05ad14f8df2c123.80.16272795833793854.1,ts-basic-service, f.m.service.BasicServiceImpl -[Query For Station Id] stationName: Nan Jing; f.m.controller.BasicController -Query for stationId by stationName: Nan Jing,{GET}/api/v1/basicservice/basic/{stationName}
46d2a2b6ec8f4014a4c53be6d2705c19.39.16272795833721767,d21950eb9e214b13b05ad14f8df2c123.80.16272795833793854.1,d21950eb9e214b13b05ad14f8df2c123.80.16272795833793854.0,81c9d0cce96244e89e629b9b013cbae1.38.16272795833808846.0,ts-basic-service, f.m.service.BasicServiceImpl -[Query For Station Id] stationName: Nan Jing; f.m.controller.BasicController -Query for stationId by stationName: Nan Jing,/api/v1/stationservice/stations/id/Nan Jing
46d2a2b6ec8f4014a4c53be6d2705c19.39.16272795833721767,81c9d0cce96244e89e629b9b013cbae1.38.16272795833808846.0,d21950eb9e214b13b05ad14f8df2c123.80.16272795833793854.1,81c9d0cce96244e89e629b9b013cbae1.38.16272795833808846.1,ts-station-service," f.m.controller.StationController -Query for station id,StationName: Nan Jing",{GET}/api/v1/stationservice/stations/id/{stationNameForId}
46d2a2b6ec8f4014a4c53be6d2705c19.39.16272795833721767,81c9d0cce96244e89e629b9b013cbae1.38.16272795833808846.1,81c9d0cce96244e89e629b9b013cbae1.38.16272795833808846.0,0,ts-station-service," f.m.controller.StationController -Query for station id,StationName: Nan Jing",MongoDB/FindOperation
46d2a2b6ec8f4014a4c53be6d2705c19.39.16272795833721767,46d2a2b6ec8f4014a4c53be6d2705c19.39.16272795833721766.3,46d2a2b6ec8f4014a4c53be6d2705c19.39.16272795833721766.0,0,ts-travel2-service, travel2.service.Travel2ServiceImpl -[Get Route By Id] Route ID：0b23bd3e-876a-4af3-b920-c50a90c90b04,MongoDB/FindOperation
46d2a2b6ec8f4014a4c53be6d2705c19.39.16272795833721767,46d2a2b6ec8f4014a4c53be6d2705c19.39.16272795833721766.4,46d2a2b6ec8f4014a4c53be6d2705c19.39.16272795833721766.0,39a1965190ea4e2ba32fe70b4c4a2992.40.16272795833844398.0,ts-travel2-service, travel2.service.Travel2ServiceImpl -[Get Route By Id] Success.; travel2.service.Travel2ServiceImpl -[Get Route By Id] Route ID：0b23bd3e-876a-4af3-b920-c50a90c90b04,/api/v1/routeservice/routes/0b23bd3e-876a-4af3-b920-c50a90c90b04
46d2a2b6ec8f4014a4c53be6d2705c19.39.16272795833721767,39a1965190ea4e2ba32fe70b4c4a2992.40.16272795833844398.0,46d2a2b6ec8f4014a4c53be6d2705c19.39.16272795833721766.4,39a1965190ea4e2ba32fe70b4c4a2992.40.16272795833844398.1,ts-route-service," route.controller.RouteController -Query route by id, RouteId: 0b23bd3e-876a-4af3-b920-c50a90c90b04",{GET}/api/v1/routeservice/routes/{routeId}
46d2a2b6ec8f4014a4c53be6d2705c19.39.16272795833721767,39a1965190ea4e2ba32fe70b4c4a2992.40.16272795833844398.1,39a1965190ea4e2ba32fe70b4c4a2992.40.16272795833844398.0,0,ts-route-service," route.controller.RouteController -Query route by id, RouteId: 0b23bd3e-876a-4af3-b920-c50a90c90b04",MongoDB/FindOperation
46d2a2b6ec8f4014a4c53be6d2705c19.39.16272795833721767,46d2a2b6ec8f4014a4c53be6d2705c19.39.16272795833721766.5,46d2a2b6ec8f4014a4c53be6d2705c19.39.16272795833721766.0,6873e889e35a454ba28706800880d948.96.16272795833863824.0,ts-travel2-service," travel2.service.Travel2ServiceImpl -Ticket info  is: Response(status=1, msg=Success, data=TravelResult(status=true, percent=1.0, trainType=TrainType(id=ZhiDa, economyClass=2147483647, confortClass=2147483647, averageSpeed=120), prices={confortClass=350.0, economyClass=122.49999999999999})); travel2.service.Travel2ServiceImpl -[Get Route By Id] Success.",/api/v1/ticketinfoservice/ticketinfo
46d2a2b6ec8f4014a4c53be6d2705c19.39.16272795833721767,6873e889e35a454ba28706800880d948.96.16272795833863824.0,46d2a2b6ec8f4014a4c53be6d2705c19.39.16272795833721766.5,6873e889e35a454ba28706800880d948.96.16272795833863824.1,ts-ticketinfo-service," t.controller.TicketInfoController -Query ticket info for travel,Start: Shang Hai,End: Nan Jing",{POST}/api/v1/ticketinfoservice/ticketinfo
46d2a2b6ec8f4014a4c53be6d2705c19.39.16272795833721767,6873e889e35a454ba28706800880d948.96.16272795833863824.1,6873e889e35a454ba28706800880d948.96.16272795833863824.0,d21950eb9e214b13b05ad14f8df2c123.40.16272795833884936.0,ts-ticketinfo-service," t.controller.TicketInfoController -Query ticket info for travel,Start: Shang Hai,End: Nan Jing",/api/v1/basicservice/basic/travel
46d2a2b6ec8f4014a4c53be6d2705c19.39.16272795833721767,d21950eb9e214b13b05ad14f8df2c123.40.16272795833884936.0,6873e889e35a454ba28706800880d948.96.16272795833863824.1,d21950eb9e214b13b05ad14f8df2c123.40.16272795833884936.1;d21950eb9e214b13b05ad14f8df2c123.40.16272795833884936.2;d21950eb9e214b13b05ad14f8df2c123.40.16272795833884936.3;d21950eb9e214b13b05ad14f8df2c123.40.16272795833884936.4;d21950eb9e214b13b05ad14f8df2c123.40.16272795833884936.5;d21950eb9e214b13b05ad14f8df2c123.40.16272795833884936.6;d21950eb9e214b13b05ad14f8df2c123.40.16272795833884936.7,ts-basic-service," f.m.service.BasicServiceImpl -route.getDistances().size: 4; f.m.service.BasicServiceImpl -indexStart: 0 __ indexEnd: 1; f.m.service.BasicServiceImpl -startingPlaceId: shanghaiendPlaceId: nanjing; f.m.service.BasicServiceImpl -[Query For Station Id] stationName: Nan Jing; f.m.service.BasicServiceImpl -Response Resutl to String Response(status=1, msg=Success, data={id=b90a6ad7-ffad-4624-9655-48e9e185fa6c, trainType=ZhiDa, routeId=0b23bd3e-876a-4af3-b920-c50a90c90b04, basicPriceRate=0.35, firstClassPriceRate=1.0}); f.m.service.BasicServiceImpl -[Query For Station Id] stationName: Shang Hai; f.m.service.BasicServiceImpl -[Get Route By Id] Success.; f.m.service.BasicServiceImpl -[Query For Price Config] RouteId: 0b23bd3e-876a-4af3-b920-c50a90c90b04 ,TrainType: ZhiDa; f.m.service.BasicServiceImpl -[Get Route By Id] Route ID：0b23bd3e-876a-4af3-b920-c50a90c90b04; f.m.service.BasicServiceImpl -[Query Train Type] Train Type: ZhiDa; f.m.service.BasicServiceImpl -[Check Station Exists] stationName: Nan Jing; f.m.service.BasicServiceImpl -[Check Station Exists] stationName: Shang Hai; f.m.controller.BasicController -Query for travel: Travel(trip=Trip(tripId=Z1234, trainTypeId=ZhiDa, routeId=0b23bd3e-876a-4af3-b920-c50a90c90b04, startingStationId=shanghai, stationsId=nanjing, terminalStationId=beijing, startingTime=Sat May 04 09:51:52 CST 2013, endTime=Sat May 04 15:51:52 CST 2013), startingPlace=Shang Hai, endPlace=Nan Jing, departureTime=Mon Jul 26 08:00:00 CST 2021)",{POST}/api/v1/basicservice/basic/travel
46d2a2b6ec8f4014a4c53be6d2705c19.39.16272795833721767,d21950eb9e214b13b05ad14f8df2c123.40.16272795833884936.1,d21950eb9e214b13b05ad14f8df2c123.40.16272795833884936.0,81c9d0cce96244e89e629b9b013cbae1.182.16272795833890470.0,ts-basic-service," f.m.service.BasicServiceImpl -[Check Station Exists] stationName: Nan Jing; f.m.service.BasicServiceImpl -[Check Station Exists] stationName: Shang Hai; f.m.controller.BasicController -Query for travel: Travel(trip=Trip(tripId=Z1234, trainTypeId=ZhiDa, routeId=0b23bd3e-876a-4af3-b920-c50a90c90b04, startingStationId=shanghai, stationsId=nanjing, terminalStationId=beijing, startingTime=Sat May 04 09:51:52 CST 2013, endTime=Sat May 04 15:51:52 CST 2013), startingPlace=Shang Hai, endPlace=Nan Jing, departureTime=Mon Jul 26 08:00:00 CST 2021)",/api/v1/stationservice/stations/id/Shang Hai
46d2a2b6ec8f4014a4c53be6d2705c19.39.16272795833721767,81c9d0cce96244e89e629b9b013cbae1.182.16272795833890470.0,d21950eb9e214b13b05ad14f8df2c123.40.16272795833884936.1,81c9d0cce96244e89e629b9b013cbae1.182.16272795833890470.1,ts-station-service," f.m.controller.StationController -Query for station id,StationName: Shang Hai",{GET}/api/v1/stationservice/stations/id/{stationNameForId}
46d2a2b6ec8f4014a4c53be6d2705c19.39.16272795833721767,81c9d0cce96244e89e629b9b013cbae1.182.16272795833890470.1,81c9d0cce96244e89e629b9b013cbae1.182.16272795833890470.0,0,ts-station-service," f.m.controller.StationController -Query for station id,StationName: Shang Hai",MongoDB/FindOperation
46d2a2b6ec8f4014a4c53be6d2705c19.39.16272795833721767,d21950eb9e214b13b05ad14f8df2c123.40.16272795833884936.2,d21950eb9e214b13b05ad14f8df2c123.40.16272795833884936.0,81c9d0cce96244e89e629b9b013cbae1.169.16272795833900676.0,ts-basic-service, f.m.service.BasicServiceImpl -[Query Train Type] Train Type: ZhiDa; f.m.service.BasicServiceImpl -[Check Station Exists] stationName: Nan Jing,/api/v1/stationservice/stations/id/Nan Jing
46d2a2b6ec8f4014a4c53be6d2705c19.39.16272795833721767,81c9d0cce96244e89e629b9b013cbae1.169.16272795833900676.0,d21950eb9e214b13b05ad14f8df2c123.40.16272795833884936.2,81c9d0cce96244e89e629b9b013cbae1.169.16272795833900676.1,ts-station-service," f.m.controller.StationController -Query for station id,StationName: Nan Jing",{GET}/api/v1/stationservice/stations/id/{stationNameForId}
46d2a2b6ec8f4014a4c53be6d2705c19.39.16272795833721767,81c9d0cce96244e89e629b9b013cbae1.169.16272795833900676.1,81c9d0cce96244e89e629b9b013cbae1.169.16272795833900676.0,0,ts-station-service,0,MongoDB/FindOperation
46d2a2b6ec8f4014a4c53be6d2705c19.39.16272795833721767,d21950eb9e214b13b05ad14f8df2c123.40.16272795833884936.3,d21950eb9e214b13b05ad14f8df2c123.40.16272795833884936.0,3d8e2a797b854c7981408ea04cdfe7a6.41.16272795833922932.0,ts-basic-service, f.m.service.BasicServiceImpl -[Get Route By Id] Route ID：0b23bd3e-876a-4af3-b920-c50a90c90b04; f.m.service.BasicServiceImpl -[Query Train Type] Train Type: ZhiDa,/api/v1/trainservice/trains/ZhiDa
46d2a2b6ec8f4014a4c53be6d2705c19.39.16272795833721767,3d8e2a797b854c7981408ea04cdfe7a6.41.16272795833922932.0,d21950eb9e214b13b05ad14f8df2c123.40.16272795833884936.3,3d8e2a797b854c7981408ea04cdfe7a6.41.16272795833922932.1;3d8e2a797b854c7981408ea04cdfe7a6.41.16272795833922932.2,ts-train-service," train.controller.TrainController -Retrieve train,TrainTypeId: ZhiDa",{GET}/api/v1/trainservice/trains/{id}
46d2a2b6ec8f4014a4c53be6d2705c19.39.16272795833721767,3d8e2a797b854c7981408ea04cdfe7a6.41.16272795833922932.1,3d8e2a797b854c7981408ea04cdfe7a6.41.16272795833922932.0,0,ts-train-service," train.controller.TrainController -Retrieve train,TrainTypeId: ZhiDa",MongoDB/FindOperation
46d2a2b6ec8f4014a4c53be6d2705c19.39.16272795833721767,3d8e2a797b854c7981408ea04cdfe7a6.41.16272795833922932.2,3d8e2a797b854c7981408ea04cdfe7a6.41.16272795833922932.0,0,ts-train-service,0,MongoDB/FindOperation
46d2a2b6ec8f4014a4c53be6d2705c19.39.16272795833721767,d21950eb9e214b13b05ad14f8df2c123.40.16272795833884936.4,d21950eb9e214b13b05ad14f8df2c123.40.16272795833884936.0,39a1965190ea4e2ba32fe70b4c4a2992.70.16272795833953402.0,ts-basic-service," f.m.service.BasicServiceImpl -[Get Route By Id] Success.; f.m.service.BasicServiceImpl -[Query For Price Config] RouteId: 0b23bd3e-876a-4af3-b920-c50a90c90b04 ,TrainType: ZhiDa; f.m.service.BasicServiceImpl -[Get Route By Id] Route ID：0b23bd3e-876a-4af3-b920-c50a90c90b04",/api/v1/routeservice/routes/0b23bd3e-876a-4af3-b920-c50a90c90b04
46d2a2b6ec8f4014a4c53be6d2705c19.39.16272795833721767,39a1965190ea4e2ba32fe70b4c4a2992.70.16272795833953402.0,d21950eb9e214b13b05ad14f8df2c123.40.16272795833884936.4,39a1965190ea4e2ba32fe70b4c4a2992.70.16272795833953402.1,ts-route-service," route.controller.RouteController -Query route by id, RouteId: 0b23bd3e-876a-4af3-b920-c50a90c90b04",{GET}/api/v1/routeservice/routes/{routeId}
46d2a2b6ec8f4014a4c53be6d2705c19.39.16272795833721767,39a1965190ea4e2ba32fe70b4c4a2992.70.16272795833953402.1,39a1965190ea4e2ba32fe70b4c4a2992.70.16272795833953402.0,0,ts-route-service," route.controller.RouteController -Query route by id, RouteId: 0b23bd3e-876a-4af3-b920-c50a90c90b04",MongoDB/FindOperation
46d2a2b6ec8f4014a4c53be6d2705c19.39.16272795833721767,d21950eb9e214b13b05ad14f8df2c123.40.16272795833884936.5,d21950eb9e214b13b05ad14f8df2c123.40.16272795833884936.0,266bcdbd44fa41a88527e9ee69df1c00.41.16272795833950912.0,ts-basic-service," f.m.service.BasicServiceImpl -Response Resutl to String Response(status=1, msg=Success, data={id=b90a6ad7-ffad-4624-9655-48e9e185fa6c, trainType=ZhiDa, routeId=0b23bd3e-876a-4af3-b920-c50a90c90b04, basicPriceRate=0.35, firstClassPriceRate=1.0}); f.m.service.BasicServiceImpl -[Query For Station Id] stationName: Shang Hai; f.m.service.BasicServiceImpl -[Get Route By Id] Success.; f.m.service.BasicServiceImpl -[Query For Price Config] RouteId: 0b23bd3e-876a-4af3-b920-c50a90c90b04 ,TrainType: ZhiDa",/api/v1/priceservice/prices/0b23bd3e-876a-4af3-b920-c50a90c90b04/ZhiDa
46d2a2b6ec8f4014a4c53be6d2705c19.39.16272795833721767,266bcdbd44fa41a88527e9ee69df1c00.41.16272795833950912.0,d21950eb9e214b13b05ad14f8df2c123.40.16272795833884936.5,266bcdbd44fa41a88527e9ee69df1c00.41.16272795833950912.1,ts-price-service," price.service.PriceServiceImpl -[Find By Route Id And Train Type]; price.service.PriceServiceImpl -[Find By Route And Train Type] Rote: 0b23bd3e-876a-4af3-b920-c50a90c90b04   Train Type: ZhiDa; price.controller.PriceController -Query price, RouteId: 0b23bd3e-876a-4af3-b920-c50a90c90b04, TrainType: ZhiDa",{GET}/api/v1/priceservice/prices/{routeId}/{trainType}
46d2a2b6ec8f4014a4c53be6d2705c19.39.16272795833721767,266bcdbd44fa41a88527e9ee69df1c00.41.16272795833950912.1,266bcdbd44fa41a88527e9ee69df1c00.41.16272795833950912.0,0,ts-price-service," price.service.PriceServiceImpl -[Find By Route Id And Train Type]; price.service.PriceServiceImpl -[Find By Route And Train Type] Rote: 0b23bd3e-876a-4af3-b920-c50a90c90b04   Train Type: ZhiDa; price.controller.PriceController -Query price, RouteId: 0b23bd3e-876a-4af3-b920-c50a90c90b04, TrainType: ZhiDa",MongoDB/FindOperation
46d2a2b6ec8f4014a4c53be6d2705c19.39.16272795833721767,d21950eb9e214b13b05ad14f8df2c123.40.16272795833884936.6,d21950eb9e214b13b05ad14f8df2c123.40.16272795833884936.0,81c9d0cce96244e89e629b9b013cbae1.178.16272795833980410.0,ts-basic-service," f.m.service.BasicServiceImpl -[Query For Station Id] stationName: Nan Jing; f.m.service.BasicServiceImpl -Response Resutl to String Response(status=1, msg=Success, data={id=b90a6ad7-ffad-4624-9655-48e9e185fa6c, trainType=ZhiDa, routeId=0b23bd3e-876a-4af3-b920-c50a90c90b04, basicPriceRate=0.35, firstClassPriceRate=1.0}); f.m.service.BasicServiceImpl -[Query For Station Id] stationName: Shang Hai",/api/v1/stationservice/stations/id/Shang Hai
46d2a2b6ec8f4014a4c53be6d2705c19.39.16272795833721767,81c9d0cce96244e89e629b9b013cbae1.178.16272795833980410.0,d21950eb9e214b13b05ad14f8df2c123.40.16272795833884936.6,81c9d0cce96244e89e629b9b013cbae1.178.16272795833980410.1,ts-station-service," f.m.controller.StationController -Query for station id,StationName: Shang Hai",{GET}/api/v1/stationservice/stations/id/{stationNameForId}
46d2a2b6ec8f4014a4c53be6d2705c19.39.16272795833721767,81c9d0cce96244e89e629b9b013cbae1.178.16272795833980410.1,81c9d0cce96244e89e629b9b013cbae1.178.16272795833980410.0,0,ts-station-service,0,MongoDB/FindOperation
46d2a2b6ec8f4014a4c53be6d2705c19.39.16272795833721767,d21950eb9e214b13b05ad14f8df2c123.40.16272795833884936.7,d21950eb9e214b13b05ad14f8df2c123.40.16272795833884936.0,81c9d0cce96244e89e629b9b013cbae1.170.16272795833990662.0,ts-basic-service, f.m.service.BasicServiceImpl -route.getDistances().size: 4; f.m.service.BasicServiceImpl -indexStart: 0 __ indexEnd: 1; f.m.service.BasicServiceImpl -startingPlaceId: shanghaiendPlaceId: nanjing; f.m.service.BasicServiceImpl -[Query For Station Id] stationName: Nan Jing,/api/v1/stationservice/stations/id/Nan Jing
46d2a2b6ec8f4014a4c53be6d2705c19.39.16272795833721767,81c9d0cce96244e89e629b9b013cbae1.170.16272795833990662.0,d21950eb9e214b13b05ad14f8df2c123.40.16272795833884936.7,81c9d0cce96244e89e629b9b013cbae1.170.16272795833990662.1,ts-station-service," f.m.controller.StationController -Query for station id,StationName: Nan Jing",{GET}/api/v1/stationservice/stations/id/{stationNameForId}
46d2a2b6ec8f4014a4c53be6d2705c19.39.16272795833721767,81c9d0cce96244e89e629b9b013cbae1.170.16272795833990662.1,81c9d0cce96244e89e629b9b013cbae1.170.16272795833990662.0,0,ts-station-service," f.m.controller.StationController -Query for station id,StationName: Nan Jing",MongoDB/FindOperation
46d2a2b6ec8f4014a4c53be6d2705c19.39.16272795833721767,46d2a2b6ec8f4014a4c53be6d2705c19.39.16272795833721766.6,46d2a2b6ec8f4014a4c53be6d2705c19.39.16272795833721766.0,afad9e1cc4b44aa9a4a56a5fbe1a3118.44.16272795834022508.0,ts-travel2-service," travel2.service.Travel2ServiceImpl -Order other Ticket info  is: Response(status=1, msg=Success, data=TravelResult(status=true, percent=1.0, trainType=TrainType(id=ZhiDa, economyClass=2147483647, confortClass=2147483647, averageSpeed=120), prices={confortClass=350.0, economyClass=122.49999999999999})); travel2.service.Travel2ServiceImpl -Ticket info  is: Response(status=1, msg=Success, data=TravelResult(status=true, percent=1.0, trainType=TrainType(id=ZhiDa, economyClass=2147483647, confortClass=2147483647, averageSpeed=120), prices={confortClass=350.0, economyClass=122.49999999999999}))",/api/v1/orderOtherService/orderOther/Mon Jul 26 08:00:00 CST 2021/Z1234
46d2a2b6ec8f4014a4c53be6d2705c19.39.16272795833721767,afad9e1cc4b44aa9a4a56a5fbe1a3118.44.16272795834022508.0,46d2a2b6ec8f4014a4c53be6d2705c19.39.16272795833721766.6,afad9e1cc4b44aa9a4a56a5fbe1a3118.44.16272795834022508.1,ts-order-other-service, other.service.OrderOtherServiceImpl -[Calculate Sold Ticket] Get Orders Number: 0; o.controller.OrderOtherController -[Calculate Sold Tickets] Date: Mon Jul 26 22:00:00 CST 2021 TrainNumber: Z1234,{GET}/api/v1/orderOtherService/orderOther/{travelDate}/{trainNumber}
46d2a2b6ec8f4014a4c53be6d2705c19.39.16272795833721767,afad9e1cc4b44aa9a4a56a5fbe1a3118.44.16272795834022508.1,afad9e1cc4b44aa9a4a56a5fbe1a3118.44.16272795834022508.0,0,ts-order-other-service, other.service.OrderOtherServiceImpl -[Calculate Sold Ticket] Get Orders Number: 0; o.controller.OrderOtherController -[Calculate Sold Tickets] Date: Mon Jul 26 22:00:00 CST 2021 TrainNumber: Z1234,MongoDB/FindOperation
46d2a2b6ec8f4014a4c53be6d2705c19.39.16272795833721767,46d2a2b6ec8f4014a4c53be6d2705c19.39.16272795833721766.7,46d2a2b6ec8f4014a4c53be6d2705c19.39.16272795833721766.0,6873e889e35a454ba28706800880d948.41.16272795834044928.0,ts-travel2-service," travel2.service.Travel2ServiceImpl -Order other Ticket info  is: Response(status=1, msg=Success, data=TravelResult(status=true, percent=1.0, trainType=TrainType(id=ZhiDa, economyClass=2147483647, confortClass=2147483647, averageSpeed=120), prices={confortClass=350.0, economyClass=122.49999999999999}))",/api/v1/ticketinfoservice/ticketinfo/Shang Hai
46d2a2b6ec8f4014a4c53be6d2705c19.39.16272795833721767,6873e889e35a454ba28706800880d948.41.16272795834044928.0,46d2a2b6ec8f4014a4c53be6d2705c19.39.16272795833721766.7,6873e889e35a454ba28706800880d948.41.16272795834044928.1,ts-ticketinfo-service," t.controller.TicketInfoController -Query ticket info for station id,Name: Shang Hai",{GET}/api/v1/ticketinfoservice/ticketinfo/{name}
46d2a2b6ec8f4014a4c53be6d2705c19.39.16272795833721767,6873e889e35a454ba28706800880d948.41.16272795834044928.1,6873e889e35a454ba28706800880d948.41.16272795834044928.0,d21950eb9e214b13b05ad14f8df2c123.77.16272795834053862.0,ts-ticketinfo-service,0,/api/v1/basicservice/basic/Shang Hai
46d2a2b6ec8f4014a4c53be6d2705c19.39.16272795833721767,d21950eb9e214b13b05ad14f8df2c123.77.16272795834053862.0,6873e889e35a454ba28706800880d948.41.16272795834044928.1,d21950eb9e214b13b05ad14f8df2c123.77.16272795834053862.1,ts-basic-service, f.m.service.BasicServiceImpl -[Query For Station Id] stationName: Shang Hai; f.m.controller.BasicController -Query for stationId by stationName: Shang Hai,{GET}/api/v1/basicservice/basic/{stationName}
46d2a2b6ec8f4014a4c53be6d2705c19.39.16272795833721767,d21950eb9e214b13b05ad14f8df2c123.77.16272795834053862.1,d21950eb9e214b13b05ad14f8df2c123.77.16272795834053862.0,81c9d0cce96244e89e629b9b013cbae1.80.16272795834066906.0,ts-basic-service, f.m.service.BasicServiceImpl -[Query For Station Id] stationName: Shang Hai; f.m.controller.BasicController -Query for stationId by stationName: Shang Hai,/api/v1/stationservice/stations/id/Shang Hai
46d2a2b6ec8f4014a4c53be6d2705c19.39.16272795833721767,81c9d0cce96244e89e629b9b013cbae1.80.16272795834066906.0,d21950eb9e214b13b05ad14f8df2c123.77.16272795834053862.1,81c9d0cce96244e89e629b9b013cbae1.80.16272795834066906.1,ts-station-service," f.m.controller.StationController -Query for station id,StationName: Shang Hai",{GET}/api/v1/stationservice/stations/id/{stationNameForId}
46d2a2b6ec8f4014a4c53be6d2705c19.39.16272795833721767,81c9d0cce96244e89e629b9b013cbae1.80.16272795834066906.1,81c9d0cce96244e89e629b9b013cbae1.80.16272795834066906.0,0,ts-station-service," f.m.controller.StationController -Query for station id,StationName: Shang Hai",MongoDB/FindOperation
46d2a2b6ec8f4014a4c53be6d2705c19.39.16272795833721767,46d2a2b6ec8f4014a4c53be6d2705c19.39.16272795833721766.8,46d2a2b6ec8f4014a4c53be6d2705c19.39.16272795833721766.0,6873e889e35a454ba28706800880d948.39.16272795834074960.0,ts-travel2-service,0,/api/v1/ticketinfoservice/ticketinfo/Nan Jing
46d2a2b6ec8f4014a4c53be6d2705c19.39.16272795833721767,6873e889e35a454ba28706800880d948.39.16272795834074960.0,46d2a2b6ec8f4014a4c53be6d2705c19.39.16272795833721766.8,6873e889e35a454ba28706800880d948.39.16272795834074960.1,ts-ticketinfo-service," t.controller.TicketInfoController -Query ticket info for station id,Name: Nan Jing",{GET}/api/v1/ticketinfoservice/ticketinfo/{name}
46d2a2b6ec8f4014a4c53be6d2705c19.39.16272795833721767,6873e889e35a454ba28706800880d948.39.16272795834074960.1,6873e889e35a454ba28706800880d948.39.16272795834074960.0,d21950eb9e214b13b05ad14f8df2c123.35.16272795834084920.0,ts-ticketinfo-service," t.controller.TicketInfoController -Query ticket info for station id,Name: Nan Jing",/api/v1/basicservice/basic/Nan Jing
46d2a2b6ec8f4014a4c53be6d2705c19.39.16272795833721767,d21950eb9e214b13b05ad14f8df2c123.35.16272795834084920.0,6873e889e35a454ba28706800880d948.39.16272795834074960.1,d21950eb9e214b13b05ad14f8df2c123.35.16272795834084920.1,ts-basic-service, f.m.controller.BasicController -Query for stationId by stationName: Nan Jing; f.m.service.BasicServiceImpl -[Query For Station Id] stationName: Nan Jing,{GET}/api/v1/basicservice/basic/{stationName}
46d2a2b6ec8f4014a4c53be6d2705c19.39.16272795833721767,d21950eb9e214b13b05ad14f8df2c123.35.16272795834084920.1,d21950eb9e214b13b05ad14f8df2c123.35.16272795834084920.0,81c9d0cce96244e89e629b9b013cbae1.188.16272795834090478.0,ts-basic-service, f.m.controller.BasicController -Query for stationId by stationName: Nan Jing; f.m.service.BasicServiceImpl -[Query For Station Id] stationName: Nan Jing,/api/v1/stationservice/stations/id/Nan Jing
46d2a2b6ec8f4014a4c53be6d2705c19.39.16272795833721767,81c9d0cce96244e89e629b9b013cbae1.188.16272795834090478.0,d21950eb9e214b13b05ad14f8df2c123.35.16272795834084920.1,81c9d0cce96244e89e629b9b013cbae1.188.16272795834090478.1,ts-station-service," f.m.controller.StationController -Query for station id,StationName: Nan Jing",{GET}/api/v1/stationservice/stations/id/{stationNameForId}
46d2a2b6ec8f4014a4c53be6d2705c19.39.16272795833721767,81c9d0cce96244e89e629b9b013cbae1.188.16272795834090478.1,81c9d0cce96244e89e629b9b013cbae1.188.16272795834090478.0,0,ts-station-service," f.m.controller.StationController -Query for station id,StationName: Nan Jing",MongoDB/FindOperation
46d2a2b6ec8f4014a4c53be6d2705c19.39.16272795833721767,46d2a2b6ec8f4014a4c53be6d2705c19.39.16272795833721766.9,46d2a2b6ec8f4014a4c53be6d2705c19.39.16272795833721766.0,6873e889e35a454ba28706800880d948.97.16272795834103876.0,ts-travel2-service,0,/api/v1/ticketinfoservice/ticketinfo/Shang Hai
46d2a2b6ec8f4014a4c53be6d2705c19.39.16272795833721767,6873e889e35a454ba28706800880d948.97.16272795834103876.0,46d2a2b6ec8f4014a4c53be6d2705c19.39.16272795833721766.9,6873e889e35a454ba28706800880d948.97.16272795834103876.1,ts-ticketinfo-service," t.controller.TicketInfoController -Query ticket info for station id,Name: Shang Hai",{GET}/api/v1/ticketinfoservice/ticketinfo/{name}
46d2a2b6ec8f4014a4c53be6d2705c19.39.16272795833721767,6873e889e35a454ba28706800880d948.97.16272795834103876.1,6873e889e35a454ba28706800880d948.97.16272795834103876.0,d21950eb9e214b13b05ad14f8df2c123.43.16272795834104936.0,ts-ticketinfo-service," t.controller.TicketInfoController -Query ticket info for station id,Name: Shang Hai",/api/v1/basicservice/basic/Shang Hai
46d2a2b6ec8f4014a4c53be6d2705c19.39.16272795833721767,d21950eb9e214b13b05ad14f8df2c123.43.16272795834104936.0,6873e889e35a454ba28706800880d948.97.16272795834103876.1,d21950eb9e214b13b05ad14f8df2c123.43.16272795834104936.1,ts-basic-service, f.m.controller.BasicController -Query for stationId by stationName: Shang Hai; f.m.service.BasicServiceImpl -[Query For Station Id] stationName: Shang Hai,{GET}/api/v1/basicservice/basic/{stationName}
46d2a2b6ec8f4014a4c53be6d2705c19.39.16272795833721767,d21950eb9e214b13b05ad14f8df2c123.43.16272795834104936.1,d21950eb9e214b13b05ad14f8df2c123.43.16272795834104936.0,81c9d0cce96244e89e629b9b013cbae1.189.16272795834110382.0,ts-basic-service, f.m.controller.BasicController -Query for stationId by stationName: Shang Hai; f.m.service.BasicServiceImpl -[Query For Station Id] stationName: Shang Hai,/api/v1/stationservice/stations/id/Shang Hai
46d2a2b6ec8f4014a4c53be6d2705c19.39.16272795833721767,81c9d0cce96244e89e629b9b013cbae1.189.16272795834110382.0,d21950eb9e214b13b05ad14f8df2c123.43.16272795834104936.1,81c9d0cce96244e89e629b9b013cbae1.189.16272795834110382.1,ts-station-service," f.m.controller.StationController -Query for station id,StationName: Shang Hai",{GET}/api/v1/stationservice/stations/id/{stationNameForId}
46d2a2b6ec8f4014a4c53be6d2705c19.39.16272795833721767,81c9d0cce96244e89e629b9b013cbae1.189.16272795834110382.1,81c9d0cce96244e89e629b9b013cbae1.189.16272795834110382.0,0,ts-station-service," f.m.controller.StationController -Query for station id,StationName: Shang Hai",MongoDB/FindOperation
46d2a2b6ec8f4014a4c53be6d2705c19.39.16272795833721767,46d2a2b6ec8f4014a4c53be6d2705c19.39.16272795833721766.10,46d2a2b6ec8f4014a4c53be6d2705c19.39.16272795833721766.0,6873e889e35a454ba28706800880d948.101.16272795834133836.0,ts-travel2-service,0,/api/v1/ticketinfoservice/ticketinfo/Nan Jing
46d2a2b6ec8f4014a4c53be6d2705c19.39.16272795833721767,6873e889e35a454ba28706800880d948.101.16272795834133836.0,46d2a2b6ec8f4014a4c53be6d2705c19.39.16272795833721766.10,6873e889e35a454ba28706800880d948.101.16272795834133836.1,ts-ticketinfo-service," t.controller.TicketInfoController -Query ticket info for station id,Name: Nan Jing",{GET}/api/v1/ticketinfoservice/ticketinfo/{name}
46d2a2b6ec8f4014a4c53be6d2705c19.39.16272795833721767,6873e889e35a454ba28706800880d948.101.16272795834133836.1,6873e889e35a454ba28706800880d948.101.16272795834133836.0,d21950eb9e214b13b05ad14f8df2c123.44.16272795834134866.0,ts-ticketinfo-service," t.controller.TicketInfoController -Query ticket info for station id,Name: Nan Jing",/api/v1/basicservice/basic/Nan Jing
46d2a2b6ec8f4014a4c53be6d2705c19.39.16272795833721767,d21950eb9e214b13b05ad14f8df2c123.44.16272795834134866.0,6873e889e35a454ba28706800880d948.101.16272795834133836.1,d21950eb9e214b13b05ad14f8df2c123.44.16272795834134866.1,ts-basic-service, f.m.controller.BasicController -Query for stationId by stationName: Nan Jing; f.m.service.BasicServiceImpl -[Query For Station Id] stationName: Nan Jing,{GET}/api/v1/basicservice/basic/{stationName}
46d2a2b6ec8f4014a4c53be6d2705c19.39.16272795833721767,d21950eb9e214b13b05ad14f8df2c123.44.16272795834134866.1,d21950eb9e214b13b05ad14f8df2c123.44.16272795834134866.0,81c9d0cce96244e89e629b9b013cbae1.185.16272795834170434.0,ts-basic-service, f.m.controller.BasicController -Query for stationId by stationName: Nan Jing; f.m.service.BasicServiceImpl -[Query For Station Id] stationName: Nan Jing,/api/v1/stationservice/stations/id/Nan Jing
46d2a2b6ec8f4014a4c53be6d2705c19.39.16272795833721767,81c9d0cce96244e89e629b9b013cbae1.185.16272795834170434.0,d21950eb9e214b13b05ad14f8df2c123.44.16272795834134866.1,81c9d0cce96244e89e629b9b013cbae1.185.16272795834170434.1,ts-station-service," f.m.controller.StationController -Query for station id,StationName: Nan Jing",{GET}/api/v1/stationservice/stations/id/{stationNameForId}
46d2a2b6ec8f4014a4c53be6d2705c19.39.16272795833721767,81c9d0cce96244e89e629b9b013cbae1.185.16272795834170434.1,81c9d0cce96244e89e629b9b013cbae1.185.16272795834170434.0,0,ts-station-service," f.m.controller.StationController -Query for station id,StationName: Nan Jing",MongoDB/FindOperation
46d2a2b6ec8f4014a4c53be6d2705c19.39.16272795833721767,46d2a2b6ec8f4014a4c53be6d2705c19.39.16272795833721766.11,46d2a2b6ec8f4014a4c53be6d2705c19.39.16272795833721766.0,92fd6f44b8324fdb93d15d0ccd3b7a55.351.16272795834200140.0,ts-travel2-service,0,/api/v1/seatservice/seats/left_tickets
46d2a2b6ec8f4014a4c53be6d2705c19.39.16272795833721767,92fd6f44b8324fdb93d15d0ccd3b7a55.351.16272795834200140.0,46d2a2b6ec8f4014a4c53be6d2705c19.39.16272795833721766.11,92fd6f44b8324fdb93d15d0ccd3b7a55.351.16272795834200140.1;92fd6f44b8324fdb93d15d0ccd3b7a55.351.16272795834200140.2;92fd6f44b8324fdb93d15d0ccd3b7a55.351.16272795834200140.3;92fd6f44b8324fdb93d15d0ccd3b7a55.351.16272795834200140.4,ts-seat-service," seat.service.SeatServiceImpl -Configs is : Config(name=DirectTicketAllocationProportion, value=0.5, description=Allocation Proportion Of The Direct Ticket - From Start To End); seat.service.SeatServiceImpl -[getLeftTicketOfInterval] The request seat type is confortClass and the total num is 2147483647; seat.service.SeatServiceImpl -[getLeftTicketOfInterval] The result of getTrainTypeResult is Response(status=1, msg=Success query Train by trip id, data=TrainType(id=ZhiDa, economyClass=2147483647, confortClass=2147483647, averageSpeed=120)); seat.service.SeatServiceImpl -Get Order tickets result is : 200; seat.service.SeatServiceImpl -[getLeftTicketOfInterval] The result of getRouteResult is Response(status=1, msg=[Get Route By Trip ID] Success, data=Route(id=0b23bd3e-876a-4af3-b920-c50a90c90b04, stations=[shanghai, nanjing, shijiazhuang, taiyuan], distances=[0, 350, 1000, 1300], startStationId=shanghai, terminalStationId=taiyuan)); seat.controller.SeatController -Get left ticket of interval,TravelDate: Mon Jul 26 08:00:00 CST 2021,TrainNumber: Z1234,SeatType: 2; seat.service.SeatServiceImpl -Seat request To String: Seat{travelDate=Mon Jul 26 08:00:00 CST 2021, trainNumber='Z1234', startStation='shanghai', destStation='nanjing', seatType=2}; seat.service.SeatServiceImpl -[getLeftTicketOfInterval] TrainNumber start with other capital",{POST}/api/v1/seatservice/seats/left_tickets
46d2a2b6ec8f4014a4c53be6d2705c19.39.16272795833721767,92fd6f44b8324fdb93d15d0ccd3b7a55.351.16272795834200140.1,92fd6f44b8324fdb93d15d0ccd3b7a55.351.16272795834200140.0,46d2a2b6ec8f4014a4c53be6d2705c19.45.16272795834221782.0,ts-seat-service," seat.service.SeatServiceImpl -[getLeftTicketOfInterval] The result of getRouteResult is Response(status=1, msg=[Get Route By Trip ID] Success, data=Route(id=0b23bd3e-876a-4af3-b920-c50a90c90b04, stations=[shanghai, nanjing, shijiazhuang, taiyuan], distances=[0, 350, 1000, 1300], startStationId=shanghai, terminalStationId=taiyuan)); seat.controller.SeatController -Get left ticket of interval,TravelDate: Mon Jul 26 08:00:00 CST 2021,TrainNumber: Z1234,SeatType: 2; seat.service.SeatServiceImpl -Seat request To String: Seat{travelDate=Mon Jul 26 08:00:00 CST 2021, trainNumber='Z1234', startStation='shanghai', destStation='nanjing', seatType=2}; seat.service.SeatServiceImpl -[getLeftTicketOfInterval] TrainNumber start with other capital",/api/v1/travel2service/routes/Z1234
46d2a2b6ec8f4014a4c53be6d2705c19.39.16272795833721767,46d2a2b6ec8f4014a4c53be6d2705c19.45.16272795834221782.0,92fd6f44b8324fdb93d15d0ccd3b7a55.351.16272795834200140.1,46d2a2b6ec8f4014a4c53be6d2705c19.45.16272795834221782.1;46d2a2b6ec8f4014a4c53be6d2705c19.45.16272795834221782.2,ts-travel2-service, travel2.service.Travel2ServiceImpl -[Get Route By Id] Success.; travel2.service.Travel2ServiceImpl -[Get Route By Trip ID] Success; travel2.service.Travel2ServiceImpl -[Get Route By Id] Route ID：0b23bd3e-876a-4af3-b920-c50a90c90b04; travel2.controller.Travel2Controller -[Get Route By Trip ID] TripId: Z1234,{GET}/api/v1/travel2service/routes/{tripId}
46d2a2b6ec8f4014a4c53be6d2705c19.39.16272795833721767,46d2a2b6ec8f4014a4c53be6d2705c19.45.16272795834221782.1,46d2a2b6ec8f4014a4c53be6d2705c19.45.16272795834221782.0,0,ts-travel2-service, travel2.service.Travel2ServiceImpl -[Get Route By Id] Route ID：0b23bd3e-876a-4af3-b920-c50a90c90b04; travel2.controller.Travel2Controller -[Get Route By Trip ID] TripId: Z1234,MongoDB/FindOperation
46d2a2b6ec8f4014a4c53be6d2705c19.39.16272795833721767,46d2a2b6ec8f4014a4c53be6d2705c19.45.16272795834221782.2,46d2a2b6ec8f4014a4c53be6d2705c19.45.16272795834221782.0,39a1965190ea4e2ba32fe70b4c4a2992.42.16272795834244374.0,ts-travel2-service, travel2.service.Travel2ServiceImpl -[Get Route By Id] Success.; travel2.service.Travel2ServiceImpl -[Get Route By Trip ID] Success; travel2.service.Travel2ServiceImpl -[Get Route By Id] Route ID：0b23bd3e-876a-4af3-b920-c50a90c90b04; travel2.controller.Travel2Controller -[Get Route By Trip ID] TripId: Z1234,/api/v1/routeservice/routes/0b23bd3e-876a-4af3-b920-c50a90c90b04
46d2a2b6ec8f4014a4c53be6d2705c19.39.16272795833721767,39a1965190ea4e2ba32fe70b4c4a2992.42.16272795834244374.0,46d2a2b6ec8f4014a4c53be6d2705c19.45.16272795834221782.2,39a1965190ea4e2ba32fe70b4c4a2992.42.16272795834244374.1,ts-route-service," route.controller.RouteController -Query route by id, RouteId: 0b23bd3e-876a-4af3-b920-c50a90c90b04",{GET}/api/v1/routeservice/routes/{routeId}
46d2a2b6ec8f4014a4c53be6d2705c19.39.16272795833721767,39a1965190ea4e2ba32fe70b4c4a2992.42.16272795834244374.1,39a1965190ea4e2ba32fe70b4c4a2992.42.16272795834244374.0,0,ts-route-service," route.controller.RouteController -Query route by id, RouteId: 0b23bd3e-876a-4af3-b920-c50a90c90b04",MongoDB/FindOperation
46d2a2b6ec8f4014a4c53be6d2705c19.39.16272795833721767,92fd6f44b8324fdb93d15d0ccd3b7a55.351.16272795834200140.2,92fd6f44b8324fdb93d15d0ccd3b7a55.351.16272795834200140.0,afad9e1cc4b44aa9a4a56a5fbe1a3118.42.16272795834262642.0,ts-seat-service," seat.service.SeatServiceImpl -Get Order tickets result is : 200; seat.service.SeatServiceImpl -[getLeftTicketOfInterval] The result of getRouteResult is Response(status=1, msg=[Get Route By Trip ID] Success, data=Route(id=0b23bd3e-876a-4af3-b920-c50a90c90b04, stations=[shanghai, nanjing, shijiazhuang, taiyuan], distances=[0, 350, 1000, 1300], startStationId=shanghai, terminalStationId=taiyuan))",/api/v1/orderOtherService/orderOther/tickets
46d2a2b6ec8f4014a4c53be6d2705c19.39.16272795833721767,afad9e1cc4b44aa9a4a56a5fbe1a3118.42.16272795834262642.0,92fd6f44b8324fdb93d15d0ccd3b7a55.351.16272795834200140.2,afad9e1cc4b44aa9a4a56a5fbe1a3118.42.16272795834262642.1,ts-order-other-service, other.service.OrderOtherServiceImpl -Left ticket length is: 597; o.controller.OrderOtherController -[Get Sold Ticket] Date: Mon Jul 26 08:00:00 CST 2021,{POST}/api/v1/orderOtherService/orderOther/tickets
46d2a2b6ec8f4014a4c53be6d2705c19.39.16272795833721767,afad9e1cc4b44aa9a4a56a5fbe1a3118.42.16272795834262642.1,afad9e1cc4b44aa9a4a56a5fbe1a3118.42.16272795834262642.0,0,ts-order-other-service, o.controller.OrderOtherController -[Get Sold Ticket] Date: Mon Jul 26 08:00:00 CST 2021,MongoDB/FindOperation
46d2a2b6ec8f4014a4c53be6d2705c19.39.16272795833721767,92fd6f44b8324fdb93d15d0ccd3b7a55.351.16272795834200140.3,92fd6f44b8324fdb93d15d0ccd3b7a55.351.16272795834200140.0,46d2a2b6ec8f4014a4c53be6d2705c19.44.16272795834361784.0,ts-seat-service," seat.service.SeatServiceImpl -[getLeftTicketOfInterval] The request seat type is confortClass and the total num is 2147483647; seat.service.SeatServiceImpl -[getLeftTicketOfInterval] The result of getTrainTypeResult is Response(status=1, msg=Success query Train by trip id, data=TrainType(id=ZhiDa, economyClass=2147483647, confortClass=2147483647, averageSpeed=120)); seat.service.SeatServiceImpl -Get Order tickets result is : 200",/api/v1/travel2service/train_types/Z1234
46d2a2b6ec8f4014a4c53be6d2705c19.39.16272795833721767,46d2a2b6ec8f4014a4c53be6d2705c19.44.16272795834361784.0,92fd6f44b8324fdb93d15d0ccd3b7a55.351.16272795834200140.3,46d2a2b6ec8f4014a4c53be6d2705c19.44.16272795834361784.1;46d2a2b6ec8f4014a4c53be6d2705c19.44.16272795834361784.2,ts-travel2-service," travel2.controller.Travel2Controller -Get train by Trip id, TripId: Z1234",{GET}/api/v1/travel2service/train_types/{tripId}
46d2a2b6ec8f4014a4c53be6d2705c19.39.16272795833721767,46d2a2b6ec8f4014a4c53be6d2705c19.44.16272795834361784.1,46d2a2b6ec8f4014a4c53be6d2705c19.44.16272795834361784.0,0,ts-travel2-service," travel2.controller.Travel2Controller -Get train by Trip id, TripId: Z1234",MongoDB/FindOperation
46d2a2b6ec8f4014a4c53be6d2705c19.39.16272795833721767,46d2a2b6ec8f4014a4c53be6d2705c19.44.16272795834361784.2,46d2a2b6ec8f4014a4c53be6d2705c19.44.16272795834361784.0,3d8e2a797b854c7981408ea04cdfe7a6.44.16272795834382958.0,ts-travel2-service," travel2.controller.Travel2Controller -Get train by Trip id, TripId: Z1234",/api/v1/trainservice/trains/ZhiDa
46d2a2b6ec8f4014a4c53be6d2705c19.39.16272795833721767,3d8e2a797b854c7981408ea04cdfe7a6.44.16272795834382958.0,46d2a2b6ec8f4014a4c53be6d2705c19.44.16272795834361784.2,3d8e2a797b854c7981408ea04cdfe7a6.44.16272795834382958.1;3d8e2a797b854c7981408ea04cdfe7a6.44.16272795834382958.2,ts-train-service," train.controller.TrainController -Retrieve train,TrainTypeId: ZhiDa",{GET}/api/v1/trainservice/trains/{id}
46d2a2b6ec8f4014a4c53be6d2705c19.39.16272795833721767,3d8e2a797b854c7981408ea04cdfe7a6.44.16272795834382958.1,3d8e2a797b854c7981408ea04cdfe7a6.44.16272795834382958.0,0,ts-train-service,0,MongoDB/FindOperation
46d2a2b6ec8f4014a4c53be6d2705c19.39.16272795833721767,3d8e2a797b854c7981408ea04cdfe7a6.44.16272795834382958.2,3d8e2a797b854c7981408ea04cdfe7a6.44.16272795834382958.0,0,ts-train-service,0,MongoDB/FindOperation
46d2a2b6ec8f4014a4c53be6d2705c19.39.16272795833721767,92fd6f44b8324fdb93d15d0ccd3b7a55.351.16272795834200140.4,92fd6f44b8324fdb93d15d0ccd3b7a55.351.16272795834200140.0,8c3ca8128be84cc9a9f75101dba60296.46.16272795834411204.0,ts-seat-service," seat.service.SeatServiceImpl -Configs is : Config(name=DirectTicketAllocationProportion, value=0.5, description=Allocation Proportion Of The Direct Ticket - From Start To End); seat.service.SeatServiceImpl -[getLeftTicketOfInterval] The request seat type is confortClass and the total num is 2147483647; seat.service.SeatServiceImpl -[getLeftTicketOfInterval] The result of getTrainTypeResult is Response(status=1, msg=Success query Train by trip id, data=TrainType(id=ZhiDa, economyClass=2147483647, confortClass=2147483647, averageSpeed=120))",/api/v1/configservice/configs/DirectTicketAllocationProportion
46d2a2b6ec8f4014a4c53be6d2705c19.39.16272795833721767,8c3ca8128be84cc9a9f75101dba60296.46.16272795834411204.0,92fd6f44b8324fdb93d15d0ccd3b7a55.351.16272795834200140.4,8c3ca8128be84cc9a9f75101dba60296.46.16272795834411204.1,ts-config-service, config.service.ConfigServiceImpl -Query config DirectTicketAllocationProportion success; config.controller.ConfigController -Retrieve config: DirectTicketAllocationProportion,{GET}/api/v1/configservice/configs/{configName}
46d2a2b6ec8f4014a4c53be6d2705c19.39.16272795833721767,8c3ca8128be84cc9a9f75101dba60296.46.16272795834411204.1,8c3ca8128be84cc9a9f75101dba60296.46.16272795834411204.0,0,ts-config-service, config.service.ConfigServiceImpl -Query config DirectTicketAllocationProportion success; config.controller.ConfigController -Retrieve config: DirectTicketAllocationProportion,MongoDB/FindOperation
46d2a2b6ec8f4014a4c53be6d2705c19.39.16272795833721767,46d2a2b6ec8f4014a4c53be6d2705c19.39.16272795833721766.12,46d2a2b6ec8f4014a4c53be6d2705c19.39.16272795833721766.0,6873e889e35a454ba28706800880d948.102.16272795834423854.0,ts-travel2-service,0,/api/v1/ticketinfoservice/ticketinfo/Shang Hai
46d2a2b6ec8f4014a4c53be6d2705c19.39.16272795833721767,6873e889e35a454ba28706800880d948.102.16272795834423854.0,46d2a2b6ec8f4014a4c53be6d2705c19.39.16272795833721766.12,6873e889e35a454ba28706800880d948.102.16272795834423854.1,ts-ticketinfo-service," t.controller.TicketInfoController -Query ticket info for station id,Name: Shang Hai",{GET}/api/v1/ticketinfoservice/ticketinfo/{name}
46d2a2b6ec8f4014a4c53be6d2705c19.39.16272795833721767,6873e889e35a454ba28706800880d948.102.16272795834423854.1,6873e889e35a454ba28706800880d948.102.16272795834423854.0,d21950eb9e214b13b05ad14f8df2c123.36.16272795834434958.0,ts-ticketinfo-service," t.controller.TicketInfoController -Query ticket info for station id,Name: Shang Hai",/api/v1/basicservice/basic/Shang Hai
46d2a2b6ec8f4014a4c53be6d2705c19.39.16272795833721767,d21950eb9e214b13b05ad14f8df2c123.36.16272795834434958.0,6873e889e35a454ba28706800880d948.102.16272795834423854.1,d21950eb9e214b13b05ad14f8df2c123.36.16272795834434958.1,ts-basic-service, f.m.controller.BasicController -Query for stationId by stationName: Shang Hai; f.m.service.BasicServiceImpl -[Query For Station Id] stationName: Shang Hai,{GET}/api/v1/basicservice/basic/{stationName}
46d2a2b6ec8f4014a4c53be6d2705c19.39.16272795833721767,d21950eb9e214b13b05ad14f8df2c123.36.16272795834434958.1,d21950eb9e214b13b05ad14f8df2c123.36.16272795834434958.0,81c9d0cce96244e89e629b9b013cbae1.184.16272795834440384.0,ts-basic-service, f.m.controller.BasicController -Query for stationId by stationName: Shang Hai; f.m.service.BasicServiceImpl -[Query For Station Id] stationName: Shang Hai,/api/v1/stationservice/stations/id/Shang Hai
46d2a2b6ec8f4014a4c53be6d2705c19.39.16272795833721767,81c9d0cce96244e89e629b9b013cbae1.184.16272795834440384.0,d21950eb9e214b13b05ad14f8df2c123.36.16272795834434958.1,81c9d0cce96244e89e629b9b013cbae1.184.16272795834440384.1,ts-station-service," f.m.controller.StationController -Query for station id,StationName: Shang Hai",{GET}/api/v1/stationservice/stations/id/{stationNameForId}
46d2a2b6ec8f4014a4c53be6d2705c19.39.16272795833721767,81c9d0cce96244e89e629b9b013cbae1.184.16272795834440384.1,81c9d0cce96244e89e629b9b013cbae1.184.16272795834440384.0,0,ts-station-service," f.m.controller.StationController -Query for station id,StationName: Shang Hai",MongoDB/FindOperation
46d2a2b6ec8f4014a4c53be6d2705c19.39.16272795833721767,46d2a2b6ec8f4014a4c53be6d2705c19.39.16272795833721766.13,46d2a2b6ec8f4014a4c53be6d2705c19.39.16272795833721766.0,6873e889e35a454ba28706800880d948.36.16272795834454892.0,ts-travel2-service,0,/api/v1/ticketinfoservice/ticketinfo/Nan Jing
46d2a2b6ec8f4014a4c53be6d2705c19.39.16272795833721767,6873e889e35a454ba28706800880d948.36.16272795834454892.0,46d2a2b6ec8f4014a4c53be6d2705c19.39.16272795833721766.13,6873e889e35a454ba28706800880d948.36.16272795834454892.1,ts-ticketinfo-service," t.controller.TicketInfoController -Query ticket info for station id,Name: Nan Jing",{GET}/api/v1/ticketinfoservice/ticketinfo/{name}
46d2a2b6ec8f4014a4c53be6d2705c19.39.16272795833721767,6873e889e35a454ba28706800880d948.36.16272795834454892.1,6873e889e35a454ba28706800880d948.36.16272795834454892.0,d21950eb9e214b13b05ad14f8df2c123.38.16272795834464924.0,ts-ticketinfo-service,0,/api/v1/basicservice/basic/Nan Jing
46d2a2b6ec8f4014a4c53be6d2705c19.39.16272795833721767,d21950eb9e214b13b05ad14f8df2c123.38.16272795834464924.0,6873e889e35a454ba28706800880d948.36.16272795834454892.1,d21950eb9e214b13b05ad14f8df2c123.38.16272795834464924.1,ts-basic-service, f.m.service.BasicServiceImpl -[Query For Station Id] stationName: Nan Jing; f.m.controller.BasicController -Query for stationId by stationName: Nan Jing,{GET}/api/v1/basicservice/basic/{stationName}
46d2a2b6ec8f4014a4c53be6d2705c19.39.16272795833721767,d21950eb9e214b13b05ad14f8df2c123.38.16272795834464924.1,d21950eb9e214b13b05ad14f8df2c123.38.16272795834464924.0,81c9d0cce96244e89e629b9b013cbae1.179.16272795834470402.0,ts-basic-service, f.m.service.BasicServiceImpl -[Query For Station Id] stationName: Nan Jing; f.m.controller.BasicController -Query for stationId by stationName: Nan Jing,/api/v1/stationservice/stations/id/Nan Jing
46d2a2b6ec8f4014a4c53be6d2705c19.39.16272795833721767,81c9d0cce96244e89e629b9b013cbae1.179.16272795834470402.0,d21950eb9e214b13b05ad14f8df2c123.38.16272795834464924.1,81c9d0cce96244e89e629b9b013cbae1.179.16272795834470402.1,ts-station-service," f.m.controller.StationController -Query for station id,StationName: Nan Jing",{GET}/api/v1/stationservice/stations/id/{stationNameForId}
46d2a2b6ec8f4014a4c53be6d2705c19.39.16272795833721767,81c9d0cce96244e89e629b9b013cbae1.179.16272795834470402.1,81c9d0cce96244e89e629b9b013cbae1.179.16272795834470402.0,0,ts-station-service," f.m.controller.StationController -Query for station id,StationName: Nan Jing",MongoDB/FindOperation
46d2a2b6ec8f4014a4c53be6d2705c19.39.16272795833721767,46d2a2b6ec8f4014a4c53be6d2705c19.39.16272795833721766.14,46d2a2b6ec8f4014a4c53be6d2705c19.39.16272795833721766.0,92fd6f44b8324fdb93d15d0ccd3b7a55.350.16272795834500140.0,ts-travel2-service,0,/api/v1/seatservice/seats/left_tickets
46d2a2b6ec8f4014a4c53be6d2705c19.39.16272795833721767,92fd6f44b8324fdb93d15d0ccd3b7a55.350.16272795834500140.0,46d2a2b6ec8f4014a4c53be6d2705c19.39.16272795833721766.14,92fd6f44b8324fdb93d15d0ccd3b7a55.350.16272795834500140.1;92fd6f44b8324fdb93d15d0ccd3b7a55.350.16272795834500140.2;92fd6f44b8324fdb93d15d0ccd3b7a55.350.16272795834500140.3;92fd6f44b8324fdb93d15d0ccd3b7a55.350.16272795834500140.4,ts-seat-service," seat.service.SeatServiceImpl -Configs is : Config(name=DirectTicketAllocationProportion, value=0.5, description=Allocation Proportion Of The Direct Ticket - From Start To End); seat.service.SeatServiceImpl -[getLeftTicketOfInterval] The result of getTrainTypeResult is Response(status=1, msg=Success query Train by trip id, data=TrainType(id=ZhiDa, economyClass=2147483647, confortClass=2147483647, averageSpeed=120)); seat.service.SeatServiceImpl -[getLeftTicketOfInterval] The request seat type is economyClass and the total num is 2147483647; seat.service.SeatServiceImpl -Get Order tickets result is : 200; seat.service.SeatServiceImpl -[getLeftTicketOfInterval] The result of getRouteResult is Response(status=1, msg=[Get Route By Trip ID] Success, data=Route(id=0b23bd3e-876a-4af3-b920-c50a90c90b04, stations=[shanghai, nanjing, shijiazhuang, taiyuan], distances=[0, 350, 1000, 1300], startStationId=shanghai, terminalStationId=taiyuan)); seat.service.SeatServiceImpl -Seat request To String: Seat{travelDate=Mon Jul 26 08:00:00 CST 2021, trainNumber='Z1234', startStation='shanghai', destStation='nanjing', seatType=3}; seat.controller.SeatController -Get left ticket of interval,TravelDate: Mon Jul 26 08:00:00 CST 2021,TrainNumber: Z1234,SeatType: 3; seat.service.SeatServiceImpl -[getLeftTicketOfInterval] TrainNumber start with other capital",{POST}/api/v1/seatservice/seats/left_tickets
46d2a2b6ec8f4014a4c53be6d2705c19.39.16272795833721767,92fd6f44b8324fdb93d15d0ccd3b7a55.350.16272795834500140.1,92fd6f44b8324fdb93d15d0ccd3b7a55.350.16272795834500140.0,46d2a2b6ec8f4014a4c53be6d2705c19.46.16272795834511664.0,ts-seat-service," seat.service.SeatServiceImpl -[getLeftTicketOfInterval] The result of getRouteResult is Response(status=1, msg=[Get Route By Trip ID] Success, data=Route(id=0b23bd3e-876a-4af3-b920-c50a90c90b04, stations=[shanghai, nanjing, shijiazhuang, taiyuan], distances=[0, 350, 1000, 1300], startStationId=shanghai, terminalStationId=taiyuan)); seat.service.SeatServiceImpl -Seat request To String: Seat{travelDate=Mon Jul 26 08:00:00 CST 2021, trainNumber='Z1234', startStation='shanghai', destStation='nanjing', seatType=3}; seat.controller.SeatController -Get left ticket of interval,TravelDate: Mon Jul 26 08:00:00 CST 2021,TrainNumber: Z1234,SeatType: 3; seat.service.SeatServiceImpl -[getLeftTicketOfInterval] TrainNumber start with other capital",/api/v1/travel2service/routes/Z1234
46d2a2b6ec8f4014a4c53be6d2705c19.39.16272795833721767,46d2a2b6ec8f4014a4c53be6d2705c19.46.16272795834511664.0,92fd6f44b8324fdb93d15d0ccd3b7a55.350.16272795834500140.1,46d2a2b6ec8f4014a4c53be6d2705c19.46.16272795834511664.1;46d2a2b6ec8f4014a4c53be6d2705c19.46.16272795834511664.2,ts-travel2-service, travel2.service.Travel2ServiceImpl -[Get Route By Id] Success.; travel2.service.Travel2ServiceImpl -[Get Route By Trip ID] Success; travel2.service.Travel2ServiceImpl -[Get Route By Id] Route ID：0b23bd3e-876a-4af3-b920-c50a90c90b04; travel2.controller.Travel2Controller -[Get Route By Trip ID] TripId: Z1234,{GET}/api/v1/travel2service/routes/{tripId}
46d2a2b6ec8f4014a4c53be6d2705c19.39.16272795833721767,46d2a2b6ec8f4014a4c53be6d2705c19.46.16272795834511664.1,46d2a2b6ec8f4014a4c53be6d2705c19.46.16272795834511664.0,0,ts-travel2-service, travel2.controller.Travel2Controller -[Get Route By Trip ID] TripId: Z1234,MongoDB/FindOperation
46d2a2b6ec8f4014a4c53be6d2705c19.39.16272795833721767,46d2a2b6ec8f4014a4c53be6d2705c19.46.16272795834511664.2,46d2a2b6ec8f4014a4c53be6d2705c19.46.16272795834511664.0,39a1965190ea4e2ba32fe70b4c4a2992.46.16272795834524400.0,ts-travel2-service, travel2.service.Travel2ServiceImpl -[Get Route By Id] Success.; travel2.service.Travel2ServiceImpl -[Get Route By Trip ID] Success; travel2.service.Travel2ServiceImpl -[Get Route By Id] Route ID：0b23bd3e-876a-4af3-b920-c50a90c90b04,/api/v1/routeservice/routes/0b23bd3e-876a-4af3-b920-c50a90c90b04
46d2a2b6ec8f4014a4c53be6d2705c19.39.16272795833721767,39a1965190ea4e2ba32fe70b4c4a2992.46.16272795834524400.0,46d2a2b6ec8f4014a4c53be6d2705c19.46.16272795834511664.2,39a1965190ea4e2ba32fe70b4c4a2992.46.16272795834524400.1,ts-route-service," route.controller.RouteController -Query route by id, RouteId: 0b23bd3e-876a-4af3-b920-c50a90c90b04",{GET}/api/v1/routeservice/routes/{routeId}
46d2a2b6ec8f4014a4c53be6d2705c19.39.16272795833721767,39a1965190ea4e2ba32fe70b4c4a2992.46.16272795834524400.1,39a1965190ea4e2ba32fe70b4c4a2992.46.16272795834524400.0,0,ts-route-service," route.controller.RouteController -Query route by id, RouteId: 0b23bd3e-876a-4af3-b920-c50a90c90b04",MongoDB/FindOperation
46d2a2b6ec8f4014a4c53be6d2705c19.39.16272795833721767,92fd6f44b8324fdb93d15d0ccd3b7a55.350.16272795834500140.2,92fd6f44b8324fdb93d15d0ccd3b7a55.350.16272795834500140.0,afad9e1cc4b44aa9a4a56a5fbe1a3118.41.16272795834542550.0,ts-seat-service," seat.service.SeatServiceImpl -Get Order tickets result is : 200; seat.service.SeatServiceImpl -[getLeftTicketOfInterval] The result of getRouteResult is Response(status=1, msg=[Get Route By Trip ID] Success, data=Route(id=0b23bd3e-876a-4af3-b920-c50a90c90b04, stations=[shanghai, nanjing, shijiazhuang, taiyuan], distances=[0, 350, 1000, 1300], startStationId=shanghai, terminalStationId=taiyuan))",/api/v1/orderOtherService/orderOther/tickets
46d2a2b6ec8f4014a4c53be6d2705c19.39.16272795833721767,afad9e1cc4b44aa9a4a56a5fbe1a3118.41.16272795834542550.0,92fd6f44b8324fdb93d15d0ccd3b7a55.350.16272795834500140.2,afad9e1cc4b44aa9a4a56a5fbe1a3118.41.16272795834542550.1,ts-order-other-service, other.service.OrderOtherServiceImpl -Left ticket length is: 597; o.controller.OrderOtherController -[Get Sold Ticket] Date: Mon Jul 26 08:00:00 CST 2021,{POST}/api/v1/orderOtherService/orderOther/tickets
46d2a2b6ec8f4014a4c53be6d2705c19.39.16272795833721767,afad9e1cc4b44aa9a4a56a5fbe1a3118.41.16272795834542550.1,afad9e1cc4b44aa9a4a56a5fbe1a3118.41.16272795834542550.0,0,ts-order-other-service, o.controller.OrderOtherController -[Get Sold Ticket] Date: Mon Jul 26 08:00:00 CST 2021,MongoDB/FindOperation
46d2a2b6ec8f4014a4c53be6d2705c19.39.16272795833721767,92fd6f44b8324fdb93d15d0ccd3b7a55.350.16272795834500140.3,92fd6f44b8324fdb93d15d0ccd3b7a55.350.16272795834500140.0,46d2a2b6ec8f4014a4c53be6d2705c19.42.16272795834671798.0,ts-seat-service," seat.service.SeatServiceImpl -[getLeftTicketOfInterval] The result of getTrainTypeResult is Response(status=1, msg=Success query Train by trip id, data=TrainType(id=ZhiDa, economyClass=2147483647, confortClass=2147483647, averageSpeed=120)); seat.service.SeatServiceImpl -[getLeftTicketOfInterval] The request seat type is economyClass and the total num is 2147483647; seat.service.SeatServiceImpl -Get Order tickets result is : 200",/api/v1/travel2service/train_types/Z1234
46d2a2b6ec8f4014a4c53be6d2705c19.39.16272795833721767,46d2a2b6ec8f4014a4c53be6d2705c19.42.16272795834671798.0,92fd6f44b8324fdb93d15d0ccd3b7a55.350.16272795834500140.3,46d2a2b6ec8f4014a4c53be6d2705c19.42.16272795834671798.1;46d2a2b6ec8f4014a4c53be6d2705c19.42.16272795834671798.2,ts-travel2-service," travel2.controller.Travel2Controller -Get train by Trip id, TripId: Z1234",{GET}/api/v1/travel2service/train_types/{tripId}
46d2a2b6ec8f4014a4c53be6d2705c19.39.16272795833721767,46d2a2b6ec8f4014a4c53be6d2705c19.42.16272795834671798.1,46d2a2b6ec8f4014a4c53be6d2705c19.42.16272795834671798.0,0,ts-travel2-service," travel2.controller.Travel2Controller -Get train by Trip id, TripId: Z1234",MongoDB/FindOperation
46d2a2b6ec8f4014a4c53be6d2705c19.39.16272795833721767,46d2a2b6ec8f4014a4c53be6d2705c19.42.16272795834671798.2,46d2a2b6ec8f4014a4c53be6d2705c19.42.16272795834671798.0,3d8e2a797b854c7981408ea04cdfe7a6.43.16272795834722926.0,ts-travel2-service," travel2.controller.Travel2Controller -Get train by Trip id, TripId: Z1234",/api/v1/trainservice/trains/ZhiDa
46d2a2b6ec8f4014a4c53be6d2705c19.39.16272795833721767,3d8e2a797b854c7981408ea04cdfe7a6.43.16272795834722926.0,46d2a2b6ec8f4014a4c53be6d2705c19.42.16272795834671798.2,3d8e2a797b854c7981408ea04cdfe7a6.43.16272795834722926.1;3d8e2a797b854c7981408ea04cdfe7a6.43.16272795834722926.2,ts-train-service," train.controller.TrainController -Retrieve train,TrainTypeId: ZhiDa",{GET}/api/v1/trainservice/trains/{id}
46d2a2b6ec8f4014a4c53be6d2705c19.39.16272795833721767,3d8e2a797b854c7981408ea04cdfe7a6.43.16272795834722926.1,3d8e2a797b854c7981408ea04cdfe7a6.43.16272795834722926.0,0,ts-train-service," train.controller.TrainController -Retrieve train,TrainTypeId: ZhiDa",MongoDB/FindOperation
46d2a2b6ec8f4014a4c53be6d2705c19.39.16272795833721767,3d8e2a797b854c7981408ea04cdfe7a6.43.16272795834722926.2,3d8e2a797b854c7981408ea04cdfe7a6.43.16272795834722926.0,0,ts-train-service,0,MongoDB/FindOperation
46d2a2b6ec8f4014a4c53be6d2705c19.39.16272795833721767,92fd6f44b8324fdb93d15d0ccd3b7a55.350.16272795834500140.4,92fd6f44b8324fdb93d15d0ccd3b7a55.350.16272795834500140.0,8c3ca8128be84cc9a9f75101dba60296.42.16272795834741164.0,ts-seat-service," seat.service.SeatServiceImpl -Configs is : Config(name=DirectTicketAllocationProportion, value=0.5, description=Allocation Proportion Of The Direct Ticket - From Start To End); seat.service.SeatServiceImpl -[getLeftTicketOfInterval] The result of getTrainTypeResult is Response(status=1, msg=Success query Train by trip id, data=TrainType(id=ZhiDa, economyClass=2147483647, confortClass=2147483647, averageSpeed=120)); seat.service.SeatServiceImpl -[getLeftTicketOfInterval] The request seat type is economyClass and the total num is 2147483647",/api/v1/configservice/configs/DirectTicketAllocationProportion
46d2a2b6ec8f4014a4c53be6d2705c19.39.16272795833721767,8c3ca8128be84cc9a9f75101dba60296.42.16272795834741164.0,92fd6f44b8324fdb93d15d0ccd3b7a55.350.16272795834500140.4,8c3ca8128be84cc9a9f75101dba60296.42.16272795834741164.1,ts-config-service, config.service.ConfigServiceImpl -Query config DirectTicketAllocationProportion success; config.controller.ConfigController -Retrieve config: DirectTicketAllocationProportion,{GET}/api/v1/configservice/configs/{configName}
46d2a2b6ec8f4014a4c53be6d2705c19.39.16272795833721767,8c3ca8128be84cc9a9f75101dba60296.42.16272795834741164.1,8c3ca8128be84cc9a9f75101dba60296.42.16272795834741164.0,0,ts-config-service, config.service.ConfigServiceImpl -Query config DirectTicketAllocationProportion success; config.controller.ConfigController -Retrieve config: DirectTicketAllocationProportion,MongoDB/FindOperation
46d2a2b6ec8f4014a4c53be6d2705c19.39.16272795833721767,46d2a2b6ec8f4014a4c53be6d2705c19.39.16272795833721766.15,46d2a2b6ec8f4014a4c53be6d2705c19.39.16272795833721766.0,3d8e2a797b854c7981408ea04cdfe7a6.40.16272795834762932.0,ts-travel2-service,0,/api/v1/trainservice/trains/ZhiDa
46d2a2b6ec8f4014a4c53be6d2705c19.39.16272795833721767,3d8e2a797b854c7981408ea04cdfe7a6.40.16272795834762932.0,46d2a2b6ec8f4014a4c53be6d2705c19.39.16272795833721766.15,3d8e2a797b854c7981408ea04cdfe7a6.40.16272795834762932.1;3d8e2a797b854c7981408ea04cdfe7a6.40.16272795834762932.2,ts-train-service," train.controller.TrainController -Retrieve train,TrainTypeId: ZhiDa",{GET}/api/v1/trainservice/trains/{id}
46d2a2b6ec8f4014a4c53be6d2705c19.39.16272795833721767,3d8e2a797b854c7981408ea04cdfe7a6.40.16272795834762932.1,3d8e2a797b854c7981408ea04cdfe7a6.40.16272795834762932.0,0,ts-train-service," train.controller.TrainController -Retrieve train,TrainTypeId: ZhiDa",MongoDB/FindOperation
46d2a2b6ec8f4014a4c53be6d2705c19.39.16272795833721767,3d8e2a797b854c7981408ea04cdfe7a6.40.16272795834762932.2,3d8e2a797b854c7981408ea04cdfe7a6.40.16272795834762932.0,0,ts-train-service," train.controller.TrainController -Retrieve train,TrainTypeId: ZhiDa",MongoDB/FindOperation
46d2a2b6ec8f4014a4c53be6d2705c19.39.16272795833721767,46d2a2b6ec8f4014a4c53be6d2705c19.39.16272795833721766.16,46d2a2b6ec8f4014a4c53be6d2705c19.39.16272795833721766.0,39a1965190ea4e2ba32fe70b4c4a2992.41.16272795834784446.0,ts-travel2-service,0,/api/v1/routeservice/routes/9fc9c261-3263-4bfa-82f8-bb44e06b2f52
46d2a2b6ec8f4014a4c53be6d2705c19.39.16272795833721767,39a1965190ea4e2ba32fe70b4c4a2992.41.16272795834784446.0,46d2a2b6ec8f4014a4c53be6d2705c19.39.16272795833721766.16,39a1965190ea4e2ba32fe70b4c4a2992.41.16272795834784446.1,ts-route-service," route.controller.RouteController -Query route by id, RouteId: 9fc9c261-3263-4bfa-82f8-bb44e06b2f52",{GET}/api/v1/routeservice/routes/{routeId}
46d2a2b6ec8f4014a4c53be6d2705c19.39.16272795833721767,39a1965190ea4e2ba32fe70b4c4a2992.41.16272795834784446.1,39a1965190ea4e2ba32fe70b4c4a2992.41.16272795834784446.0,0,ts-route-service," route.controller.RouteController -Query route by id, RouteId: 9fc9c261-3263-4bfa-82f8-bb44e06b2f52",MongoDB/FindOperation
46d2a2b6ec8f4014a4c53be6d2705c19.39.16272795833721767,46d2a2b6ec8f4014a4c53be6d2705c19.39.16272795833721766.17,46d2a2b6ec8f4014a4c53be6d2705c19.39.16272795833721766.0,39a1965190ea4e2ba32fe70b4c4a2992.68.16272795834803444.0,ts-travel2-service,0,/api/v1/routeservice/routes/d693a2c5-ef87-4a3c-bef8-600b43f62c68
46d2a2b6ec8f4014a4c53be6d2705c19.39.16272795833721767,39a1965190ea4e2ba32fe70b4c4a2992.68.16272795834803444.0,46d2a2b6ec8f4014a4c53be6d2705c19.39.16272795833721766.17,39a1965190ea4e2ba32fe70b4c4a2992.68.16272795834803444.1,ts-route-service," route.controller.RouteController -Query route by id, RouteId: d693a2c5-ef87-4a3c-bef8-600b43f62c68",{GET}/api/v1/routeservice/routes/{routeId}
46d2a2b6ec8f4014a4c53be6d2705c19.39.16272795833721767,39a1965190ea4e2ba32fe70b4c4a2992.68.16272795834803444.1,39a1965190ea4e2ba32fe70b4c4a2992.68.16272795834803444.0,0,ts-route-service," route.controller.RouteController -Query route by id, RouteId: d693a2c5-ef87-4a3c-bef8-600b43f62c68",MongoDB/FindOperation
46d2a2b6ec8f4014a4c53be6d2705c19.39.16272795833721767,46d2a2b6ec8f4014a4c53be6d2705c19.39.16272795833721766.18,46d2a2b6ec8f4014a4c53be6d2705c19.39.16272795833721766.0,39a1965190ea4e2ba32fe70b4c4a2992.44.16272795834814428.0,ts-travel2-service,0,/api/v1/routeservice/routes/20eb7122-3a11-423f-b10a-be0dc5bce7db
46d2a2b6ec8f4014a4c53be6d2705c19.39.16272795833721767,39a1965190ea4e2ba32fe70b4c4a2992.44.16272795834814428.0,46d2a2b6ec8f4014a4c53be6d2705c19.39.16272795833721766.18,39a1965190ea4e2ba32fe70b4c4a2992.44.16272795834814428.1,ts-route-service," route.controller.RouteController -Query route by id, RouteId: 20eb7122-3a11-423f-b10a-be0dc5bce7db",{GET}/api/v1/routeservice/routes/{routeId}
46d2a2b6ec8f4014a4c53be6d2705c19.39.16272795833721767,39a1965190ea4e2ba32fe70b4c4a2992.44.16272795834814428.1,39a1965190ea4e2ba32fe70b4c4a2992.44.16272795834814428.0,0,ts-route-service," route.controller.RouteController -Query route by id, RouteId: 20eb7122-3a11-423f-b10a-be0dc5bce7db",MongoDB/FindOperation
46d2a2b6ec8f4014a4c53be6d2705c19.39.16272795833721767,46d2a2b6ec8f4014a4c53be6d2705c19.39.16272795833721766.19,46d2a2b6ec8f4014a4c53be6d2705c19.39.16272795833721766.0,39a1965190ea4e2ba32fe70b4c4a2992.39.16272795834834382.0,ts-travel2-service,0,/api/v1/routeservice/routes/1367db1f-461e-4ab7-87ad-2bcc05fd9cb7
46d2a2b6ec8f4014a4c53be6d2705c19.39.16272795833721767,39a1965190ea4e2ba32fe70b4c4a2992.39.16272795834834382.0,46d2a2b6ec8f4014a4c53be6d2705c19.39.16272795833721766.19,39a1965190ea4e2ba32fe70b4c4a2992.39.16272795834834382.1,ts-route-service," route.controller.RouteController -Query route by id, RouteId: 1367db1f-461e-4ab7-87ad-2bcc05fd9cb7",{GET}/api/v1/routeservice/routes/{routeId}
46d2a2b6ec8f4014a4c53be6d2705c19.39.16272795833721767,39a1965190ea4e2ba32fe70b4c4a2992.39.16272795834834382.1,39a1965190ea4e2ba32fe70b4c4a2992.39.16272795834834382.0,0,ts-route-service," route.controller.RouteController -Query route by id, RouteId: 1367db1f-461e-4ab7-87ad-2bcc05fd9cb7",MongoDB/FindOperation
